genre,nb_films_in_genre,nb_names_in_genre,nb_names_signi_in_genre,prop_names_signi_in_genre_per_total_film_in_genre,is_na_sum,prop_signif_per_genre,prop_non_signi,prop_nan,avg_slope_change_significant,se_slope_change_significant,avg_mag_slope_change_significant,se_mag_slope_change_significant,avg_slope_change_global
Absurdism,740.0,721.0,98.0,0.13243243243243244,220.0,0.13243243243243244,0.5702702702702702,0.2972972972972973,-0.002270441450627035,0.0024111067386469367,0.011976357436493834,0.002094728362020834,-0.0005272974231156217
Acid western,32.0,30.0,6.0,0.1875,8.0,0.1875,0.5625,0.25,-0.006969234832112283,0.005264523457739155,0.009113482596477351,0.004562690112077758,-0.002523849069796116
Action,34780.0,31575.0,4087.0,0.11751006325474411,14374.0,0.11751006325474411,0.4692064404830362,0.41328349626221966,-0.0014247369649975274,0.0003393106636574439,0.011772744442004476,0.0002858468445220573,-0.0002644314170508036
Action Comedy,1036.0,984.0,129.0,0.12451737451737452,383.0,0.12451737451737452,0.5057915057915058,0.3696911196911197,-0.0003809777416047473,0.001541918123788164,0.010555631992230086,0.0012280741062734276,-9.718769630183385e-05
Action Thrillers,2911.0,2755.0,374.0,0.12847818619031262,1032.0,0.12847818619031262,0.517004465819306,0.3545173479903813,-0.000804197944932993,0.0012254944911561396,0.013053919778074248,0.0010230939509504005,-0.0002941418799053296
Action/Adventure,21112.0,19502.0,2679.0,0.12689465706707087,8037.0,0.12689465706707087,0.4924213717317166,0.38068397120121256,-0.0012336687654237778,0.0004146041350761194,0.01174983816111549,0.00034772401276032046,-0.00023627426512475087
Addiction Drama,245.0,228.0,44.0,0.17959183673469387,68.0,0.17959183673469387,0.5428571428571428,0.27755102040816326,-0.000517695667026434,0.0030329556921736903,0.010928127277152712,0.0025353010597689847,-0.0002492752436281229
Adult,365.0,244.0,44.0,0.12054794520547946,189.0,0.12054794520547946,0.36164383561643837,0.5178082191780822,-0.003521223539398709,0.00612014244095366,0.01785841942506181,0.005507056870767209,-0.0007969360650885289
Adventure,20830.0,18801.0,2488.0,0.11944311089774363,8882.0,0.11944311089774363,0.4541526644263082,0.42640422467594813,-0.0008975242552372244,0.00045201130915024267,0.011906981135030557,0.0003842280728352214,-8.381628250149857e-05
Adventure Comedy,875.0,827.0,104.0,0.11885714285714286,331.0,0.11885714285714286,0.5028571428571429,0.3782857142857143,-0.0025501047820898283,0.0015805893529108929,0.009936004078596036,0.0012660615320822226,-0.0006643429342197362
Airplanes and airports,581.0,576.0,75.0,0.12908777969018934,172.0,0.12908777969018934,0.5748709122203098,0.29604130808950085,0.0003072978899752305,0.0032666086186698136,0.015882462249837775,0.0026950304192127866,-0.0003951101050542778
Albino bias,122.0,119.0,15.0,0.12295081967213115,42.0,0.12295081967213115,0.5327868852459017,0.3442622950819672,0.010503842587199618,0.011510001142361073,0.017959454598094234,0.010831536191654853,0.003286936859232385
Alien Film,580.0,523.0,71.0,0.12241379310344827,203.0,0.12241379310344827,0.5275862068965518,0.35,-0.005288265061494038,0.0021545390357789037,0.011437796850520623,0.0017811923876818148,-0.00047480520681895776
Alien invasion,26.0,22.0,2.0,0.07692307692307693,11.0,0.07692307692307693,0.5,0.4230769230769231,-0.0065041719253121,0.0022217911138759,0.0065041719253121,0.0022217911138759,-0.0016062162015932915
Americana,855.0,843.0,117.0,0.1368421052631579,243.0,0.1368421052631579,0.5789473684210527,0.28421052631578947,0.0015675946892708375,0.0029666850205513576,0.01508312468671013,0.0026193876358764946,0.00010660259089549641
Animal Picture,757.0,701.0,99.0,0.130779392338177,243.0,0.130779392338177,0.5482166446499339,0.32100396301188905,-0.0008964295472361692,0.002476604787690836,0.013237726726585216,0.0020865364376134866,-0.0003915007803277245
Animated Musical,304.0,294.0,31.0,0.10197368421052631,116.0,0.10197368421052631,0.5164473684210527,0.3815789473684211,-0.006409337676873855,0.0019360471660631534,0.009034591667519468,0.0015481615089520174,-0.0006155361455816115
Animated cartoon,233.0,170.0,19.0,0.0815450643776824,138.0,0.0815450643776824,0.3261802575107296,0.592274678111588,0.01727778439131601,0.012836873891405887,0.022213392368436603,0.012407934281535188,0.0031903204275986544
Animation,7507.0,5771.0,629.0,0.08378846410017317,4042.0,0.08378846410017317,0.3777807379778873,0.5384307979219395,0.0005642451800733373,0.000928485959005829,0.01064909758794589,0.0008258417938108952,0.00016749580905638141
Anime,991.0,748.0,66.0,0.06659939455095863,642.0,0.06659939455095863,0.28557013118062563,0.6478304742684158,-0.0009124431458782272,0.002019900935641469,0.009659320330672924,0.0016301489765863182,-0.00015377488633936995
Anthology,50.0,45.0,4.0,0.08,17.0,0.08,0.58,0.34,-0.0012110740107342997,0.006536444557876663,0.00880296577617885,0.004169325132340017,0.0023406437275599393
Anti-war,227.0,212.0,32.0,0.14096916299559473,91.0,0.14096916299559473,0.4581497797356828,0.4008810572687225,-0.00434594633197145,0.004264161276864624,0.014603884378851502,0.0034514560920600778,-0.0002613778218868357
Anti-war film,202.0,186.0,28.0,0.13861386138613863,80.0,0.13861386138613863,0.46534653465346537,0.39603960396039606,-0.004380816496273114,0.0043596318234094145,0.013062616710170444,0.0036602576210722146,-9.296876944040647e-05
Apocalyptic and post-apocalyptic fiction,239.0,228.0,41.0,0.17154811715481172,75.0,0.17154811715481172,0.5146443514644351,0.3138075313807531,-0.0029406254805312655,0.001548993307909676,0.007952074706378159,0.0010171897168042062,-0.00048174259758947217
Archives and records,95.0,95.0,15.0,0.15789473684210525,31.0,0.15789473684210525,0.5157894736842106,0.3263157894736842,0.0014082433663142404,0.004017040052576411,0.011862512114282946,0.002495374387789502,0.0011259095435360632
Art film,962.0,677.0,29.0,0.030145530145530147,670.0,0.030145530145530147,0.2733887733887734,0.6964656964656964,-0.008813300838363665,0.0054281417516764295,0.011163211925103174,0.005271450097726351,-0.000977286011908098
Auto racing,351.0,318.0,37.0,0.10541310541310542,143.0,0.10541310541310542,0.48717948717948717,0.4074074074074074,-0.0039017307776930965,0.0021229802358973303,0.008680998271818414,0.0016842191977513236,-0.0007575639642213399
Avant-garde,380.0,242.0,31.0,0.08157894736842106,206.0,0.08157894736842106,0.3763157894736842,0.5421052631578948,0.0021161295048931746,0.002959677674582791,0.0087580217184884,0.0025203559125824455,0.00059631230440626
B-Western,136.0,97.0,15.0,0.11029411764705882,78.0,0.11029411764705882,0.3161764705882353,0.5735294117647058,-0.016230679905013572,0.004326787673453785,0.017896640076865467,0.003828842851439461,-0.0051101460112427865
B-movie,1005.0,674.0,99.0,0.09850746268656717,521.0,0.09850746268656717,0.38308457711442784,0.5184079601990049,-0.008766292451928667,0.0031642523976229656,0.017443556962649702,0.002773406034136453,-0.0014409670960589432
Backstage Musical,45.0,32.0,4.0,0.08888888888888889,21.0,0.08888888888888889,0.4444444444444444,0.4666666666666667,-0.006018483067146575,0.0037453913874344797,0.006018483067146575,0.0037453913874344797,0.0002047679509458145
Baseball,78.0,78.0,11.0,0.14102564102564102,20.0,0.14102564102564102,0.6025641025641025,0.2564102564102564,-0.005678787750072654,0.01023775830942036,0.017815017708103367,0.008734934037480735,-8.356667359413787e-05
Beach Film,86.0,82.0,10.0,0.11627906976744186,26.0,0.11627906976744186,0.5813953488372093,0.3023255813953488,0.0035809877249454386,0.008151676040574646,0.0132308067138942,0.006958748508333401,0.00010216114566689623
Beach Party film,15.0,15.0,2.0,0.13333333333333333,5.0,0.13333333333333333,0.5333333333333333,0.3333333333333333,-0.0040503635826937,0.0009247631666746998,0.0040503635826937,0.0009247631666746998,-0.0011401797150652451
Biker Film,91.0,78.0,19.0,0.2087912087912088,37.0,0.2087912087912088,0.38461538461538464,0.4065934065934066,0.014792175541448346,0.012455649358610382,0.01959990839988519,0.01208127491655499,0.004556474791122128
Biographical film,5589.0,5117.0,703.0,0.12578278761853642,1905.0,0.12578278761853642,0.5333691179101807,0.3408480944712829,-0.002339826918082385,0.000672919968314455,0.009881426244927681,0.0005670345042556883,-0.0006899398533313232
Biography,5548.0,4760.0,673.0,0.12130497476568132,2071.0,0.12130497476568132,0.505407354001442,0.3732876712328767,-0.002525359371563482,0.000631379721621866,0.00995345904941356,0.0005105908255443426,-0.0007389175174365954
Biopic [feature],3223.0,3013.0,442.0,0.13713931120074466,992.0,0.13713931120074466,0.5550729134346882,0.3077877753645672,-0.0021151263805455098,0.001005468714754385,0.011790625710828036,0.000840164518338849,-0.0005224355981830323
Black comedy,5632.0,5335.0,823.0,0.14612926136363635,1576.0,0.14612926136363635,0.5740411931818182,0.27982954545454547,-0.002577227441890312,0.0005804988913852043,0.009240346098805554,0.0004911068148650541,-0.0005687047133592441
Black-and-white,13750.0,8702.0,1018.0,0.07403636363636364,8198.0,0.07403636363636364,0.32974545454545456,0.5962181818181819,3.196506369281198e-05,0.0012277609728515854,0.02187987093382565,0.001018170716489669,0.00041049747291443196
Blaxploitation,372.0,308.0,38.0,0.10215053763440861,175.0,0.10215053763440861,0.4274193548387097,0.47043010752688175,-0.0033771497829789042,0.001719985903583734,0.006962460926203594,0.0013987280353394875,-0.00024784574148866166
Bollywood,5525.0,5398.0,261.0,0.04723981900452489,3031.0,0.04723981900452489,0.4041628959276018,0.5485972850678733,1.316788520154242e-05,0.0007577796817692518,0.0064748000961172576,0.0006426416308880595,0.00010303266674493374
Boxing,434.0,418.0,53.0,0.12211981566820276,125.0,0.12211981566820276,0.5898617511520737,0.2880184331797235,0.002373005482692991,0.0028198240564487657,0.011120921900508892,0.0023835552469298944,0.0005046211981921749
British Empire Film,156.0,152.0,16.0,0.10256410256410256,62.0,0.10256410256410256,0.5,0.3974358974358974,0.0012507680354531185,0.006220008548860957,0.017949282125060195,0.004161051846925699,-0.0005372822732857525
British New Wave,42.0,37.0,8.0,0.19047619047619047,11.0,0.19047619047619047,0.5476190476190477,0.2619047619047619,0.0056386996150899135,0.010704977064937832,0.018500047694471614,0.0083812623186436,0.0021949617034325154
Buddy cop,167.0,167.0,13.0,0.07784431137724551,52.0,0.07784431137724551,0.6107784431137725,0.31137724550898205,0.007622272898623576,0.01465665133614526,0.02322787435684092,0.013217330913349612,0.0012125750858321851
Buddy film,2901.0,2840.0,410.0,0.1413305756635643,792.0,0.1413305756635643,0.5856601172009652,0.2730093071354705,-0.0013239252448757975,0.0010490155807553541,0.010800166852344636,0.0009052773186536831,-0.0002129286524179123
Camp,34.0,33.0,2.0,0.058823529411764705,15.0,0.058823529411764705,0.5,0.4411764705882353,-0.0024435661304985,0.0012573241867108998,0.0024435661304985,0.0012573241867108998,0.001807336225964068
Caper story,633.0,600.0,67.0,0.10584518167456557,205.0,0.10584518167456557,0.5703001579778831,0.32385466034755134,-0.007530374781940159,0.002344178837084363,0.011382150853088134,0.0020955750568594656,-0.0008539521966744454
Cavalry Film,60.0,58.0,7.0,0.11666666666666667,23.0,0.11666666666666667,0.5,0.38333333333333336,-0.02683840113878636,0.012205839933683403,0.027855720536523933,0.011819854624019218,-0.0029521622249288363
Chase Movie,717.0,695.0,96.0,0.13389121338912133,230.0,0.13389121338912133,0.5453277545327755,0.3207810320781032,-0.002199343714547571,0.0020098516435895207,0.01153313756932278,0.001640207609964273,-0.0006446305371611309
Chick flick,19.0,19.0,2.0,0.10526315789473684,4.0,0.10526315789473684,0.6842105263157895,0.21052631578947367,-0.00383703451000395,0.0005906023116229499,0.00383703451000395,0.0005906023116229499,-0.0003395101469241987
Childhood Drama,607.0,550.0,78.0,0.128500823723229,233.0,0.128500823723229,0.4876441515650741,0.38385502471169686,-0.002514952204459774,0.0017850653149286064,0.00941165251370653,0.0014554111361879322,-0.0003536770477438354
Children's,2163.0,1973.0,281.0,0.12991215903837264,823.0,0.12991215903837264,0.4895977808599168,0.3804900601017106,-4.071030684783663e-05,0.0011646252442866953,0.010642956407178921,0.0009756091228054277,-1.0100050305502419e-05
Children's Fantasy,1647.0,1562.0,182.0,0.11050394656952034,689.0,0.11050394656952034,0.4711596842744384,0.4183363691560413,-0.0007114707313854846,0.0015234727844657123,0.010460161802238794,0.0013112068025296353,0.000124300057963676
Children's/Family,4493.0,4195.0,532.0,0.1184064099710661,1693.0,0.1184064099710661,0.5047852214555976,0.3768083685733363,0.0008265534416838196,0.000989423907019388,0.01188385415545661,0.0008451532189237697,0.00032161342728060326
Chinese Movies,2879.0,2013.0,146.0,0.05071205279610976,2045.0,0.05071205279610976,0.238971865230983,0.7103160819729073,-7.232677176078601e-05,0.001769710195302674,0.010634315517324175,0.0015336193837631852,7.226530455977906e-05
Christian film,680.0,622.0,99.0,0.14558823529411766,246.0,0.14558823529411766,0.49264705882352944,0.36176470588235293,-0.0017522105035274738,0.0021288464855316637,0.011910694910574456,0.0017651396128340964,-0.00026807603621021886
Christmas movie,547.0,524.0,75.0,0.13711151736745886,161.0,0.13711151736745886,0.5685557586837294,0.2943327239488117,0.0027425136009774933,0.0021070753938040054,0.009953904906444813,0.0017895488442768723,0.0009043135845665043
Clay animation,10.0,7.0,3.0,0.3,4.0,0.3,0.3,0.4,-0.0015580786856418001,0.003352015340862901,0.0046435621753182004,0.0012916952437331817,9.013903518352783e-05
Cold War,78.0,77.0,15.0,0.19230769230769232,21.0,0.19230769230769232,0.5384615384615384,0.2692307692307692,0.0014793550315056066,0.005383305032944088,0.012756029637992956,0.0041849374655848655,-0.0003277565193196791
Combat Films,430.0,396.0,52.0,0.12093023255813953,170.0,0.12093023255813953,0.48372093023255813,0.3953488372093023,-0.0026162671224965054,0.004054493059160587,0.01667512713537169,0.003334812223838206,-0.0006899392187146418
Comedy,61018.0,54389.0,7766.0,0.12727391917139205,21697.0,0.12727391917139205,0.5171424825461339,0.35558359828247404,-0.0019529236943792638,0.0002631175837125211,0.01163911643692363,0.0002286392822628138,-0.00037811714613962083
Comedy Thriller,443.0,425.0,66.0,0.1489841986455982,117.0,0.1489841986455982,0.5869074492099323,0.26410835214446954,-0.0004219820991503063,0.003226771330777169,0.014932400104378985,0.002642798503299983,0.0005573130390512435
Comedy Western,265.0,244.0,40.0,0.1509433962264151,100.0,0.1509433962264151,0.4716981132075472,0.37735849056603776,-0.010540314368428599,0.006382510796470945,0.02038585791649055,0.00573839149849418,-0.0017397719311225942
Comedy film,8318.0,6002.0,825.0,0.09918249579225775,4204.0,0.09918249579225775,0.39540754989180094,0.5054099543159414,-0.002296143428038035,0.0007532397176460631,0.011833238334170347,0.0006354797941741749,-0.0003876778056310238
Comedy horror,90.0,79.0,9.0,0.1,33.0,0.1,0.5333333333333333,0.36666666666666664,-0.010835433076517345,0.004510548239482628,0.013680201574731477,0.00340989476003291,-0.0015319437557442805
Comedy of Errors,964.0,898.0,137.0,0.1421161825726141,263.0,0.1421161825726141,0.5850622406639004,0.27282157676348545,-0.004640159683646517,0.0020268787974725777,0.012803530152520186,0.0017496239495851272,-0.0010195564316145384
Comedy of manners,1659.0,1563.0,252.0,0.1518987341772152,442.0,0.1518987341772152,0.5816757082579868,0.2664255575647981,-0.0018714610373597403,0.0013205803785946472,0.011553140520856717,0.001107299894485664,-0.0004587905604405671
Comedy-drama,9403.0,8861.0,1452.0,0.15441880250983728,2561.0,0.15441880250983728,0.5732213123471233,0.27235988514303944,-0.002335058596348503,0.0005337175341866891,0.01104311372102944,0.00045229019911117806,-0.0005330485579590311
Coming of age,5268.0,5018.0,784.0,0.14882308276385725,1469.0,0.14882308276385725,0.5723234624145785,0.27885345482156415,-0.0008070174616394662,0.0007999007528821093,0.012135369685534917,0.0006727497857334431,-0.00025502375955666285
Coming-of-age film,41.0,40.0,7.0,0.17073170731707318,21.0,0.17073170731707318,0.3170731707317073,0.5121951219512195,-0.004146775840661572,0.000989295060048734,0.004146775840661572,0.000989295060048734,-0.0015921100970610342
Computer Animation,1309.0,1240.0,145.0,0.11077158135981666,493.0,0.11077158135981666,0.5126050420168067,0.37662337662337664,-0.0030421364078062367,0.0008005186309906527,0.005638405398980564,0.000695933175439542,-0.0007542890322034821
Concert film,204.0,45.0,3.0,0.014705882352941176,184.0,0.014705882352941176,0.08333333333333333,0.9019607843137255,-0.003079783637772866,0.0069599391535158425,0.009988141155847933,0.001817086892203535,-0.0010364505623143803
Costume Adventure,513.0,473.0,48.0,0.0935672514619883,240.0,0.0935672514619883,0.43859649122807015,0.4678362573099415,-0.0004176449947389021,0.0025472686670587282,0.010318246808997617,0.002055979138547306,-5.86205643055146e-05
Costume Horror,237.0,210.0,22.0,0.09282700421940929,97.0,0.09282700421940929,0.4978902953586498,0.4092827004219409,0.0027919920114179314,0.004390554499431209,0.012073821742911644,0.0035646037178679872,0.0009090302324043965
Costume drama,3124.0,3041.0,356.0,0.11395646606914213,1123.0,0.11395646606914213,0.5265685019206146,0.3594750320102433,-0.001052956841803224,0.0013114699246776144,0.0144764724223695,0.0010643041875601465,-0.00014769381962596842
Courtroom Comedy,59.0,58.0,12.0,0.2033898305084746,18.0,0.2033898305084746,0.4915254237288136,0.3050847457627119,-0.011019515319632292,0.003789758722728385,0.012174046630777341,0.0034536843232688646,-0.002452166201377104
Courtroom Drama,1807.0,1765.0,273.0,0.1510791366906475,486.0,0.1510791366906475,0.5799667957941339,0.2689540675152186,-0.0027847381147372906,0.0011712292083969796,0.011541792499330208,0.0009542192870773648,-0.0006763371439088405
Creature Film,1350.0,1140.0,157.0,0.1162962962962963,608.0,0.1162962962962963,0.43333333333333335,0.45037037037037037,-0.001892227983688856,0.0014554843022323558,0.011133827731455288,0.0011604988903416138,-0.00017283472029113077
Crime,441.0,438.0,56.0,0.12698412698412698,184.0,0.12698412698412698,0.4557823129251701,0.41723356009070295,-0.0008790007961109466,0.0034832222853661042,0.013518150252833887,0.0029705778992441534,0.0003268534200243223
Crime Comedy,1419.0,1321.0,169.0,0.11909795630725863,468.0,0.11909795630725863,0.551092318534179,0.3298097251585624,-0.0019213981528781979,0.0021152187249668737,0.01356701415242184,0.0018440463088738137,-0.0004179813180927676
Crime Drama,2382.0,2160.0,287.0,0.12048698572628044,821.0,0.12048698572628044,0.5348446683459278,0.3446683459277918,-0.000797899291712856,0.0012129182573428628,0.011666349035098287,0.0009987540549008464,2.9828093174047328e-05
Crime Fiction,28896.0,26149.0,3690.0,0.12769933554817275,10472.0,0.12769933554817275,0.5098975636766334,0.3624031007751938,-0.0018550296042183342,0.000397460449696512,0.012503975349147912,0.00034135761592381036,-0.0003483119617967167
Crime Thriller,11157.0,10569.0,1661.0,0.14887514564847182,3403.0,0.14887514564847182,0.5461145469212154,0.3050103074303128,-0.0015014536218174313,0.0005918815433819194,0.012606013917076138,0.0005059169297130015,-0.0004032416876476323
Cult,4233.0,3970.0,577.0,0.136309945665013,1438.0,0.136309945665013,0.5239782660051973,0.33971178832978977,-0.003024887344427501,0.0010177709083789251,0.011917233267192838,0.000897318038019571,-0.0004516594454133246
Culture & Society,702.0,55.0,7.0,0.009971509971509971,667.0,0.009971509971509971,0.039886039886039885,0.9501424501424501,-0.0027604184744598856,0.002325175146541287,0.005388194361337401,0.0013556000178980437,-0.0006757574075212178
Cyberpunk,47.0,47.0,2.0,0.0425531914893617,20.0,0.0425531914893617,0.5319148936170213,0.425531914893617,0.006175861886272601,0.0098317468350793,0.009831746835079301,0.0061758618862726,-0.0010962402834169581
Dance,541.0,481.0,75.0,0.13863216266173753,174.0,0.13863216266173753,0.5397412199630314,0.32162661737523107,-0.002241119565160853,0.0018475413357953191,0.008370836236543921,0.0015919730350462537,-0.0009464741796346468
Demonic child,48.0,47.0,7.0,0.14583333333333334,22.0,0.14583333333333334,0.3958333333333333,0.4583333333333333,-0.006943337731484743,0.002752730586544433,0.009174130111317916,0.001258996269960929,-0.002940312901083386
Detective,1880.0,1711.0,234.0,0.12446808510638298,722.0,0.12446808510638298,0.49148936170212765,0.3840425531914894,-0.0007416414019081017,0.002131159879912014,0.017400254715480862,0.001801323374833791,-5.166087858992017e-05
Detective fiction,1460.0,1313.0,169.0,0.11575342465753424,586.0,0.11575342465753424,0.4828767123287671,0.40136986301369865,-0.0004170342299967029,0.0025250637731049994,0.017343385548153886,0.0021416226617620355,6.180485745832603e-05
Disaster,1706.0,1612.0,276.0,0.16178194607268465,518.0,0.16178194607268465,0.5345838218053928,0.30363423212192264,-0.0016540867191981562,0.0013651654501324185,0.011852287333892656,0.0011673908468253138,-0.0007459340407286176
Docudrama,2154.0,2019.0,322.0,0.14948932219127206,667.0,0.14948932219127206,0.5408542246982359,0.3096564531104921,-0.002289620784059184,0.0010581268758784311,0.010223065038336395,0.0009002134263869535,-0.0004814769409911389
Documentary,4493.0,580.0,75.0,0.016692632984642776,4114.0,0.016692632984642776,0.06766080569775205,0.9156465613176051,-0.002310473790184228,0.0016579567684120767,0.009620240128168726,0.0012531150203341022,-0.001093069286942042
Dogme 95,92.0,79.0,16.0,0.17391304347826086,22.0,0.17391304347826086,0.5869565217391305,0.2391304347826087,-0.008817557340143669,0.004882655841578808,0.015039573790625994,0.0037342153004577545,-0.00234171468677027
Domestic Comedy,1434.0,1383.0,237.0,0.16527196652719664,379.0,0.16527196652719664,0.5704323570432357,0.26429567642956764,-0.004276992339061268,0.0012626935127419156,0.011258813142295846,0.0010652623377375677,-0.0011122097459369115
Doomsday film,941.0,904.0,163.0,0.17321997874601489,282.0,0.17321997874601489,0.5270988310308182,0.29968119022316686,-0.002349443657903655,0.0012002215527744367,0.010000184188014977,0.0009259041272997397,-0.0004172114402364374
Drama,110958.0,96748.0,13265.0,0.11954973954108762,44155.0,0.11954973954108762,0.48250689450062184,0.39794336595829055,-0.0015591465174556605,0.00019618002828537272,0.012019376417356765,0.00016666833872277002,-0.00025470966417939333
Dystopia,561.0,533.0,73.0,0.13012477718360071,186.0,0.13012477718360071,0.5383244206773619,0.3315508021390374,-0.003071236797171505,0.0013339129525639021,0.007842204940480728,0.0010276971844930627,-0.00050813407434735
Early Black Cinema,16.0,12.0,2.0,0.125,7.0,0.125,0.4375,0.4375,-0.00534933653883225,0.007510514526079849,0.00751051452607985,0.005349336538832249,-0.0013603825668422667
Educational,44.0,25.0,3.0,0.06818181818181818,33.0,0.06818181818181818,0.18181818181818182,0.75,-0.009973506930186733,0.007592416713310968,0.009973506930186733,0.007592416713310968,-0.003763274684532178
Ensemble Film,3430.0,3331.0,507.0,0.1478134110787172,883.0,0.1478134110787172,0.5947521865889213,0.25743440233236153,-0.0022567628066744467,0.0011692392005243158,0.01334274413647614,0.0010125956092503162,-0.0005332008883748424
Epic,1284.0,1199.0,126.0,0.09813084112149532,580.0,0.09813084112149532,0.4501557632398754,0.4517133956386293,0.0031556557184583118,0.002671018763940614,0.017282471225531268,0.002196482653730692,0.0008351082042796546
Epic Western,106.0,104.0,13.0,0.12264150943396226,38.0,0.12264150943396226,0.5188679245283019,0.3584905660377358,0.005370746474490185,0.007175126232676966,0.016992525223679122,0.005461137256973643,0.001353447622830312
Erotic Drama,507.0,434.0,59.0,0.11637080867850098,219.0,0.11637080867850098,0.4516765285996055,0.4319526627218935,-0.0001924119714239946,0.002170624819193463,0.009262284767975927,0.0017980861730634325,-0.0005237774820045953
Erotic thriller,833.0,777.0,130.0,0.15606242496998798,226.0,0.15606242496998798,0.5726290516206483,0.27130852340936373,-0.0025103854875223367,0.0018654234225909175,0.012542550761486655,0.001519591035526438,-0.0005437538862594042
Erotica,775.0,627.0,79.0,0.10193548387096774,342.0,0.10193548387096774,0.4567741935483871,0.44129032258064516,-0.004468321678983716,0.002619404044662412,0.012132709015211978,0.002286927508342284,-0.0008012881471491444
Escape Film,239.0,214.0,20.0,0.08368200836820083,110.0,0.08368200836820083,0.4560669456066946,0.4602510460251046,-0.00402662254080046,0.0034471178861408347,0.010270835398872262,0.002680273375623464,-0.0008775920104639771
Existentialism,291.0,284.0,34.0,0.11683848797250859,116.0,0.11683848797250859,0.4845360824742268,0.39862542955326463,0.0038335931008701596,0.009217836737416728,0.026206824294910565,0.00803752517753127,0.0023024947481398352
Experimental film,524.0,342.0,49.0,0.09351145038167939,286.0,0.09351145038167939,0.3606870229007634,0.5458015267175572,0.0016044307196791533,0.0023321349989409873,0.008952715684593786,0.001955164396129206,0.00039261488451931283
Exploitation,29.0,8.0,2.0,0.06896551724137931,22.0,0.06896551724137931,0.1724137931034483,0.7586206896551724,0.014203197875074298,0.006843166935329699,0.014203197875074298,0.006843166935329699,0.004996630076789902
Extreme Sports,31.0,5.0,2.0,0.06451612903225806,28.0,0.06451612903225806,0.03225806451612903,0.9032258064516129,-0.0028712712412835,0.0059374010009446004,0.0059374010009446004,0.0028712712412835,-0.0018065372495451669
Fairy tale,359.0,341.0,38.0,0.10584958217270195,149.0,0.10584958217270195,0.479108635097493,0.415041782729805,-0.0004236803766566737,0.0018310269163457212,0.006260287594069774,0.0015160110205266312,-0.0002981677750734281
Family Drama,4715.0,4386.0,649.0,0.13764581124072112,1445.0,0.13764581124072112,0.5558854718981973,0.3064687168610817,-0.0008030155340798407,0.0010062036279051524,0.013007392016614555,0.0008673763359740511,-0.00016836042311310742
Family Film,16057.0,14269.0,1796.0,0.1118515289281933,6582.0,0.1118515289281933,0.4782337921155882,0.40991467895621847,8.212048125628315e-05,0.0005287006912671559,0.01140440216873176,0.00045505069694972317,8.97657540249529e-06
Family-Oriented Adventure,1192.0,1127.0,134.0,0.11241610738255034,439.0,0.11241610738255034,0.5192953020134228,0.36828859060402686,-0.0021315592070354507,0.0014601122429027228,0.009447703966612025,0.0012226890946261586,-0.00023319020122938058
Fantasy,13176.0,12113.0,1566.0,0.11885245901639344,5423.0,0.11885245901639344,0.4695658773527626,0.411581663630844,-0.0013690220196053,0.0004627219790642994,0.009979985019721103,0.0003894444483380482,-0.0002757738053164445
Fantasy Adventure,1515.0,1433.0,157.0,0.10363036303630363,675.0,0.10363036303630363,0.4508250825082508,0.44554455445544555,-0.0008987071446740525,0.0012160847278401582,0.008317112589693742,0.0010201049307731285,-5.0662568175716576e-05
Fantasy Comedy,1459.0,1404.0,195.0,0.13365318711446195,444.0,0.13365318711446195,0.5620287868403016,0.30431802604523644,-0.001060290498441759,0.0016413287972050548,0.012347637976444831,0.0013834223496691808,-0.00020591600204270184
Fantasy Drama,144.0,137.0,28.0,0.19444444444444445,49.0,0.19444444444444445,0.4652777777777778,0.3402777777777778,-0.0018428094044459617,0.0019735338372249287,0.006874164014326524,0.0015068041036798035,-0.0006222948963670805
Feature film,51.0,45.0,13.0,0.2549019607843137,12.0,0.2549019607843137,0.5098039215686274,0.23529411764705882,-0.003101578570479493,0.002587673927242403,0.007582429850246723,0.001645175356400915,-0.0014779087478635421
Female buddy film,50.0,50.0,4.0,0.08,6.0,0.08,0.8,0.12,-0.008942413858557876,0.004081970854381694,0.010284077676668425,0.002839716542546864,-0.0009875335579112687
Feminist Film,618.0,593.0,84.0,0.13592233009708737,176.0,0.13592233009708737,0.5792880258899676,0.284789644012945,-0.0019528607640911188,0.0029461047542832914,0.01154622486387293,0.0026681964805528877,-0.00025248119281216476
Fictional film,58.0,56.0,12.0,0.20689655172413793,20.0,0.20689655172413793,0.4482758620689655,0.3448275862068966,-0.0002479511092687416,0.0015032133867537744,0.004045591007991209,0.000881673434489084,0.00022557844460162013
Filipino Movies,455.0,261.0,36.0,0.07912087912087912,277.0,0.07912087912087912,0.3120879120879121,0.6087912087912087,-0.0004312609968056974,0.0021751530408588428,0.008275169412306419,0.0016673566208266438,-0.0001287743612365432
Film adaptation,9953.0,9682.0,1423.0,0.14297196825077865,3020.0,0.14297196825077865,0.5536019290666131,0.3034261026826083,-0.0028751379535113084,0.0005647291094266429,0.011703847622068496,0.0004779153190569543,-0.0005578978286376918
Film noir,2384.0,2099.0,295.0,0.12374161073825503,918.0,0.12374161073825503,0.4911912751677852,0.3850671140939597,7.99253858157286e-05,0.00197395845406345,0.018790255144268568,0.0016418291000005621,0.0007196928611548223
Film Ã  clef,184.0,175.0,22.0,0.11956521739130435,53.0,0.11956521739130435,0.592391304347826,0.28804347826086957,0.0014371127566028816,0.005412678951199206,0.013080253232026872,0.004609571979226617,-0.0003483786496531711
Foreign legion,17.0,14.0,2.0,0.11764705882352941,10.0,0.11764705882352941,0.29411764705882354,0.5882352941176471,-0.034775622539515896,0.034160276303259095,0.034775622539515896,0.034160276303259095,-0.008489038915687917
Future noir,214.0,207.0,22.0,0.102803738317757,60.0,0.102803738317757,0.616822429906542,0.2803738317757009,-0.0029492916304692373,0.0016511122739386029,0.006298921720593264,0.0011184920299769066,-0.00016061975302944354
Gangster Film,2173.0,2059.0,285.0,0.13115508513575702,652.0,0.13115508513575702,0.5687988955361252,0.3000460193281178,-0.0002851458319593267,0.0009744017856648413,0.009706075442424801,0.0007861470452197114,0.00012555980679916206
Gay,1082.0,940.0,148.0,0.1367837338262477,376.0,0.1367837338262477,0.5157116451016636,0.34750462107208874,-0.0015979504496777834,0.0013495338887771872,0.010610465031198963,0.0010357356643250618,-0.0004863749114814686
Gay Interest,1075.0,933.0,146.0,0.13581395348837208,373.0,0.13581395348837208,0.5172093023255814,0.3469767441860465,-0.0015355259532959327,0.0013672778636034796,0.010671499638673566,0.001048963380178503,-0.00046809164077105575
Gay Themed,1257.0,1072.0,167.0,0.1328560063643596,443.0,0.1328560063643596,0.5147175815433572,0.3524264120922832,-0.0013934994300047864,0.0012443050477490489,0.010549238624924481,0.0009431822055748034,-0.00041066591936903885
Giallo,39.0,8.0,2.0,0.05128205128205128,35.0,0.05128205128205128,0.05128205128205128,0.8974358974358975,-0.00556491158713395,0.0027650866906778495,0.00556491158713395,0.0027650866906778495,-0.0021699633142134747
Glamorized Spy Film,485.0,473.0,43.0,0.088659793814433,199.0,0.088659793814433,0.5010309278350515,0.41030927835051545,0.0002074277049833921,0.004658677227371887,0.01928577651583202,0.003584488200849334,-0.00025303903891925523
Gothic Film,299.0,272.0,34.0,0.11371237458193979,118.0,0.11371237458193979,0.4916387959866221,0.39464882943143814,-0.0032530766322352556,0.0036314618172684334,0.011986065647871027,0.0030256716287177755,-0.0007117441253419028
Gross out,640.0,633.0,98.0,0.153125,159.0,0.153125,0.5984375,0.2484375,-0.005981293017496043,0.0013146649858435959,0.008825860408689285,0.001137592976296623,-0.0009507548935821169
Gross-out film,640.0,633.0,98.0,0.153125,159.0,0.153125,0.5984375,0.2484375,-0.005981293017496043,0.0013146649858435959,0.008825860408689285,0.001137592976296623,-0.0009507548935821169
Gulf War,53.0,52.0,3.0,0.05660377358490566,21.0,0.05660377358490566,0.5471698113207547,0.39622641509433965,0.006520985950215834,0.007939416510341801,0.012753925119483965,0.001721818930504038,0.0005924651250901747
Hagiography,110.0,95.0,23.0,0.20909090909090908,47.0,0.20909090909090908,0.36363636363636365,0.42727272727272725,0.012036492219688012,0.0066720170863201235,0.022652776981075165,0.005270314394639303,0.004423378134793711
Hardcore pornography,15.0,7.0,2.0,0.13333333333333333,9.0,0.13333333333333333,0.26666666666666666,0.6,-0.006477084244702551,0.0017508439936486499,0.006477084244702551,0.0017508439936486499,-0.002201709108040875
Haunted House Film,326.0,292.0,52.0,0.15950920245398773,93.0,0.15950920245398773,0.5552147239263804,0.2852760736196319,-0.0028451252340506964,0.002525241938881406,0.012113049863691881,0.0019127433841869988,-0.0005645438548573774
Heaven-Can-Wait Fantasies,99.0,92.0,11.0,0.1111111111111111,28.0,0.1111111111111111,0.6060606060606061,0.2828282828282828,0.006365443511705337,0.012701225622376246,0.01768666422981599,0.011579775915912742,0.001315062167434811
Heavenly Comedy,158.0,149.0,19.0,0.12025316455696203,44.0,0.12025316455696203,0.6012658227848101,0.27848101265822783,0.002285440607215316,0.003555994326569373,0.009923448674854896,0.0027321148389451142,0.00023308007350963638
Heist,1090.0,1061.0,162.0,0.14862385321100918,297.0,0.14862385321100918,0.5788990825688073,0.2724770642201835,-0.002972196976118528,0.001318312289647741,0.009630220991966063,0.0011030795759449903,-0.000813561034758318
Hip hop movies,204.0,154.0,17.0,0.08333333333333333,102.0,0.08333333333333333,0.4166666666666667,0.5,0.0016000838835199466,0.006804906760783162,0.012722633210972098,0.006029111506788376,-0.0006893952077322917
Historical Documentaries,15.0,12.0,2.0,0.13333333333333333,6.0,0.13333333333333333,0.4666666666666667,0.4,-0.0057525044637038005,0.0047171221299152,0.0057525044637038005,0.0047171221299152,-0.001166352149717531
Historical Epic,477.0,436.0,47.0,0.09853249475890985,244.0,0.09853249475890985,0.389937106918239,0.5115303983228512,-0.001955876174255904,0.003105675928483392,0.011351500114335828,0.002631948994774181,-0.0006235108439812011
Historical drama,829.0,661.0,93.0,0.11218335343787696,417.0,0.11218335343787696,0.3848009650180941,0.503015681544029,-0.0052836160047752675,0.0015205760273884884,0.009577218449365307,0.0012722430496762717,-0.001009522739590786
Historical fiction,2049.0,1756.0,226.0,0.11029770619814544,973.0,0.11029770619814544,0.4148365056124939,0.47486578818936065,-0.002648337488069979,0.0015438800620111608,0.013457165606671886,0.0012688063605125195,-0.00034990773282196326
History,3574.0,3034.0,402.0,0.11247901510912144,1637.0,0.11247901510912144,0.42949076664801344,0.45803021824286516,-0.002152576122369455,0.001169478608663978,0.011646271967549752,0.0010202900422371913,-0.0008111614492838368
Holiday Film,595.0,568.0,83.0,0.13949579831932774,164.0,0.13949579831932774,0.584873949579832,0.27563025210084036,-0.0012969759770378338,0.0018524431542040632,0.009346549084042718,0.0015449007756767703,-0.0004564648062101162
Horror,17832.0,15360.0,2491.0,0.13969268730372364,6559.0,0.13969268730372364,0.49248541947061464,0.3678218932256617,-0.0026125155808575254,0.00048324068083574413,0.012663692216557117,0.0004145568159475163,-0.00046366559764043837
Horror Comedy,995.0,890.0,130.0,0.1306532663316583,319.0,0.1306532663316583,0.5487437185929648,0.32060301507537686,-0.0029403624067891087,0.0019373647168848321,0.010650837630424188,0.001714940441972827,-0.0003054831250201308
Horse racing,55.0,53.0,14.0,0.2545454545454545,18.0,0.2545454545454545,0.41818181818181815,0.32727272727272727,-0.0068605622165062155,0.004695201578778059,0.009677198336158642,0.004296716801491763,-0.003316595044746472
Humour,47.0,46.0,6.0,0.1276595744680851,17.0,0.1276595744680851,0.5106382978723404,0.3617021276595745,0.01108118940319705,0.015784957282863346,0.01880509717184985,0.014247704805026769,-0.00034396605926884116
Hybrid Western,120.0,101.0,17.0,0.14166666666666666,55.0,0.14166666666666666,0.4,0.4583333333333333,-0.008991544238881141,0.00520354813679379,0.013115791671478602,0.004623678784400275,-0.0015452295167273304
Indian Western,72.0,61.0,5.0,0.06944444444444445,29.0,0.06944444444444445,0.5277777777777778,0.4027777777777778,-0.0069905954895084195,0.007110568647575657,0.011991055025511978,0.005179859328220772,-0.0024142783972861243
Indie,21160.0,18280.0,2883.0,0.1362476370510397,7232.0,0.1362476370510397,0.5219754253308129,0.3417769376181474,-0.001958913849341309,0.00032831539464239854,0.0102015332162762,0.000270206773560517,-0.00042938973904176953
Inspirational Drama,263.0,256.0,46.0,0.17490494296577946,70.0,0.17490494296577946,0.55893536121673,0.2661596958174905,0.0009393939007748669,0.0017552288768364114,0.0074869807428735976,0.0013619011116839691,0.00035007479287118095
Japanese Movies,4186.0,2793.0,239.0,0.05709507883420927,2878.0,0.05709507883420927,0.2553750597228858,0.687529861442905,0.0010651312316370426,0.001523392270811628,0.012331849632255304,0.001298661728344988,-8.592083297628957e-06
Jukebox musical,47.0,46.0,9.0,0.19148936170212766,17.0,0.19148936170212766,0.44680851063829785,0.3617021276595745,0.002660971315852468,0.009101676744140856,0.01508883838930758,0.007434143199150655,0.004201172568786881
Jungle Film,255.0,220.0,28.0,0.10980392156862745,117.0,0.10980392156862745,0.43137254901960786,0.4588235294117647,5.809454862839676e-05,0.002976956445831834,0.010537253698292745,0.002179457465998839,0.0005217475047533045
Juvenile Delinquency Film,177.0,147.0,30.0,0.1694915254237288,62.0,0.1694915254237288,0.480225988700565,0.3502824858757062,-0.005216316989124001,0.0031856650256325073,0.013397736217882714,0.0022129401193081554,-0.001896367036523523
Kafkaesque,37.0,36.0,5.0,0.13513513513513514,11.0,0.13513513513513514,0.5675675675675675,0.2972972972972973,0.00832297493031938,0.019306116331700478,0.02418902171042122,0.015613036633180167,0.0018896165301549603
Kitchen sink realism,36.0,27.0,5.0,0.1388888888888889,16.0,0.1388888888888889,0.4166666666666667,0.4444444444444444,-0.00732683020687046,0.004711779278106557,0.00854235945126626,0.0041687525636588466,0.0002168147579702597
LGBT,4651.0,4077.0,648.0,0.13932487637067298,1612.0,0.13932487637067298,0.5140829929047517,0.34659213072457534,-0.001567375653369301,0.0006337126363489188,0.009900545976555174,0.0005038732349028251,-0.00047579008156634496
Latino,36.0,35.0,3.0,0.08333333333333333,16.0,0.08333333333333333,0.4722222222222222,0.4444444444444444,-0.006983255382875568,0.0025684820058144552,0.006983255382875568,0.0025684820058144552,-0.0005373839713859117
Law & Crime,91.0,21.0,2.0,0.02197802197802198,75.0,0.02197802197802198,0.15384615384615385,0.8241758241758241,-0.01008044366157705,0.016211529505987247,0.01621152950598725,0.01008044366157705,-0.0007924909972717361
Legal drama,93.0,92.0,18.0,0.1935483870967742,23.0,0.1935483870967742,0.5591397849462365,0.24731182795698925,-0.008223979865223975,0.004741177990262466,0.0135027168233718,0.003966399698885172,-0.0021146045774878947
Marriage Drama,917.0,855.0,120.0,0.13086150490730644,238.0,0.13086150490730644,0.6095965103598692,0.2595419847328244,-0.003768615089057873,0.0019580362640099678,0.012700270356727385,0.00161177496992023,7.102868912360676e-05
Martial Arts Film,2675.0,2190.0,216.0,0.08074766355140187,1535.0,0.08074766355140187,0.34542056074766353,0.5738317757009346,-0.0003153281839823341,0.0015073003121452962,0.011341951604912547,0.001293866973714744,0.0003569414899511262
Master Criminal Films,158.0,147.0,10.0,0.06329113924050633,63.0,0.06329113924050633,0.5379746835443038,0.3987341772151899,0.01292075477810906,0.014201929565430205,0.019176540937672758,0.013393445379217541,0.0011684823834752851
Media Satire,607.0,586.0,76.0,0.12520593080724876,176.0,0.12520593080724876,0.5848434925864909,0.2899505766062603,-0.004152630150213359,0.002277070513987927,0.011641358785171307,0.001899480147215264,-0.0009104813209913961
Medical fiction,337.0,312.0,53.0,0.1572700296735905,90.0,0.1572700296735905,0.5756676557863502,0.26706231454005935,-0.0033833317159650753,0.001847887146453752,0.010221511047146978,0.0012749914368250525,-0.0009241269406343782
Melodrama,2154.0,1834.0,288.0,0.13370473537604458,782.0,0.13370473537604458,0.5032497678737233,0.3630454967502321,0.0003317808265158062,0.0014739205647272943,0.013641729440577753,0.001234667783781096,0.00039081878055814034
Mockumentary,613.0,548.0,68.0,0.11092985318107668,189.0,0.11092985318107668,0.5807504078303426,0.3083197389885807,-0.002455193121708525,0.001350540577098763,0.007898518972448223,0.0009913557826555475,-0.00040167587679780124
Monster,544.0,495.0,64.0,0.11764705882352941,282.0,0.11764705882352941,0.3639705882352941,0.5183823529411765,-0.0018731147340011406,0.002323804985841992,0.0107522112080116,0.001902808694748914,0.000586039740127653
Monster movie,569.0,462.0,85.0,0.14938488576449913,256.0,0.14938488576449913,0.4007029876977153,0.44991212653778556,0.0015905559970965694,0.0027714645352195063,0.013319407113990843,0.002366252257790651,0.0007581363266910873
Movie serial,66.0,59.0,5.0,0.07575757575757576,32.0,0.07575757575757576,0.4393939393939394,0.48484848484848486,-0.0090905859503039,0.016043285440092297,0.0201649999872879,0.013281185557788617,3.119179411284356e-05
Movies About Gladiators,34.0,33.0,4.0,0.11764705882352941,21.0,0.11764705882352941,0.2647058823529412,0.6176470588235294,-0.0039131164976318,0.004009336016839239,0.0042080020644706,0.003908517418716137,-0.0015818231217777574
Mumblecore,58.0,55.0,11.0,0.1896551724137931,12.0,0.1896551724137931,0.603448275862069,0.20689655172413793,-0.002013202481893073,0.006317600630513664,0.013492457800561618,0.0047024179312331535,-0.0009254071772892543
Music,2549.0,1976.0,296.0,0.11612397018438603,1156.0,0.11612397018438603,0.43036484896037663,0.45351118085523734,-0.001679022103554178,0.0012599227604301565,0.010702985841601936,0.0010993831724529122,-0.00039491941776954534
Musical,13536.0,11843.0,1267.0,0.09360224586288417,6248.0,0.09360224586288417,0.44481382978723405,0.46158392434988177,-0.0012042123239189813,0.0006746007583479773,0.012529214094119097,0.000576397285283196,-0.00010577127317425703
Musical Drama,1163.0,1110.0,164.0,0.1410146173688736,380.0,0.1410146173688736,0.532244196044712,0.32674118658641443,0.0009149325248676969,0.0015582819947753289,0.01078915297176678,0.001311194959230468,-0.00014811893638120652
Musical comedy,946.0,851.0,112.0,0.11839323467230443,351.0,0.11839323467230443,0.5105708245243129,0.37103594080338265,-0.0004967898047661574,0.0029049326431487537,0.015619171693002348,0.002498606119764258,0.000360255801093385
Mystery,15702.0,14546.0,2132.0,0.1357788816711247,5381.0,0.1357788816711247,0.5215259202649344,0.3426951980639409,-0.0010150752717393591,0.0005328188433343045,0.013225643651235661,0.00044977440141862285,-0.0001767441222119818
Mythological Fantasy,105.0,87.0,16.0,0.1523809523809524,55.0,0.1523809523809524,0.3238095238095238,0.5238095238095238,0.001861034491461625,0.0016533388647027557,0.004178041260893463,0.0013418981984172163,0.0005004553577146835
Natural disaster,98.0,92.0,18.0,0.1836734693877551,28.0,0.1836734693877551,0.5306122448979592,0.2857142857142857,0.0017232360318941665,0.003409240419197401,0.010487500435781444,0.0023081890156216563,-0.000377477150623781
Natural horror films,719.0,643.0,108.0,0.1502086230876217,213.0,0.1502086230876217,0.5535465924895688,0.29624478442280944,-0.0009261682570264817,0.0019834153515655207,0.011163735326585435,0.001666492208535249,9.662182562294492e-05
Nature,82.0,26.0,6.0,0.07317073170731707,63.0,0.07317073170731707,0.15853658536585366,0.7682926829268293,0.001980215007064683,0.005705444529247915,0.00786546052240585,0.004578564592234209,0.0006261727374827057
Neo-noir,516.0,513.0,73.0,0.14147286821705427,127.0,0.14147286821705427,0.6124031007751938,0.24612403100775193,-0.00248451558031697,0.0021800550588875625,0.010035810181527065,0.0018545942052907033,-0.0008678619854066745
New Hollywood,639.0,633.0,104.0,0.162754303599374,186.0,0.162754303599374,0.5461658841940532,0.29107981220657275,-0.0026699424567566575,0.0029237709794781457,0.013554127725388042,0.0026141942614905348,-0.0015316136114245848
News,31.0,18.0,4.0,0.12903225806451613,16.0,0.12903225806451613,0.3548387096774194,0.5161290322580645,-0.0006142410832234253,0.006327846928904278,0.008654746032833224,0.003898615287612041,-0.0005447995699559264
Northern,69.0,58.0,8.0,0.11594202898550725,33.0,0.11594202898550725,0.4057971014492754,0.4782608695652174,0.0055959841454131,0.007279227117299478,0.014477562701619325,0.0052457499634464945,0.0013686003161463712
Outlaw,67.0,67.0,10.0,0.14925373134328357,13.0,0.14925373134328357,0.6567164179104478,0.19402985074626866,0.005766677144695631,0.006065664837664706,0.01257079622824197,0.004788414917336198,0.00031864478642941837
Outlaw biker film,76.0,69.0,13.0,0.17105263157894737,28.0,0.17105263157894737,0.4605263157894737,0.3684210526315789,0.018072885762642273,0.018328184400457345,0.02606905203735632,0.017507383791487193,0.004953237514912731
Parkour in popular culture,70.0,69.0,11.0,0.15714285714285714,19.0,0.15714285714285714,0.5714285714285714,0.2714285714285714,0.0007932279920646271,0.0017375330922909148,0.004508711334577919,0.0010242531531268904,1.8082965059483049e-06
Parody,5152.0,4813.0,656.0,0.12732919254658384,1769.0,0.12732919254658384,0.5293090062111802,0.34336180124223603,-0.0013436668140735545,0.0007584056340654153,0.010696446467023682,0.0006350257406247127,-0.00020238503321879002
Period piece,11391.0,10987.0,1512.0,0.1327363708190677,3604.0,0.1327363708190677,0.5508734966201387,0.3163901325607936,-0.0013674805802656254,0.00047582337481907964,0.0103215686549478,0.00039640804205209006,-0.0003695326797043011
Plague,67.0,67.0,17.0,0.2537313432835821,11.0,0.2537313432835821,0.582089552238806,0.16417910447761194,-0.0065298772804136705,0.005221944245111321,0.014889762508669871,0.004009625114314707,-0.0009398834958959642
Political cinema,1206.0,906.0,123.0,0.10199004975124377,541.0,0.10199004975124377,0.4494195688225539,0.44859038142620233,-0.0010384020683345608,0.0015129998160705999,0.010257990566074899,0.0011981216805807067,-0.00019949641121730892
Political drama,3834.0,3504.0,472.0,0.12310902451747523,1335.0,0.12310902451747523,0.5286906624934794,0.34820031298904536,-0.0003515527703650172,0.0010126011559762722,0.0116361668272253,0.0008591561177522841,-0.00032117412867075176
Political satire,709.0,667.0,78.0,0.11001410437235543,230.0,0.11001410437235543,0.5655853314527504,0.3244005641748942,0.00047119284276835163,0.0021845318978740563,0.011164424402343328,0.001776599263613285,-0.00011583861574163858
Political thriller,1597.0,1543.0,253.0,0.15842204132748905,522.0,0.15842204132748905,0.514715090795241,0.32686286787726987,-0.0026196176892452697,0.001111184073502429,0.011443802309690115,0.0008615548811304188,-0.0003722447474981206
Pornographic movie,286.0,132.0,24.0,0.08391608391608392,190.0,0.08391608391608392,0.2517482517482518,0.6643356643356644,-0.01139647903780012,0.003117434824068666,0.011680257840188972,0.0030714287040893413,-0.00301786001882729
Pre-Code,469.0,396.0,39.0,0.08315565031982942,208.0,0.08315565031982942,0.47334754797441364,0.44349680170575695,0.0018730271760543438,0.004885838956128203,0.016355621940949923,0.004113891451774331,-0.00017033173972324635
Prison,538.0,483.0,61.0,0.11338289962825279,194.0,0.11338289962825279,0.5260223048327137,0.36059479553903345,-0.004791030290499568,0.0025691346419019602,0.013403521606139892,0.001997192814475142,-0.001206808850516082
Prison film,71.0,69.0,7.0,0.09859154929577464,30.0,0.09859154929577464,0.4788732394366197,0.4225352112676056,0.0019630349047653,0.00763767872504775,0.010879945879881845,0.006264783868717412,-0.00015395779972469492
Private military company,23.0,22.0,2.0,0.08695652173913043,12.0,0.08695652173913043,0.391304347826087,0.5217391304347826,-0.0013599268649590501,0.0008646479690471499,0.0013599268649590501,0.0008646479690471499,-0.00028632807553247147
Propaganda film,279.0,134.0,13.0,0.04659498207885305,199.0,0.04659498207885305,0.24014336917562723,0.7132616487455197,0.011020857826820045,0.008445103398103731,0.017841822697029105,0.007410386443717111,0.0005679022535452947
Psycho-biddy,64.0,60.0,5.0,0.078125,20.0,0.078125,0.609375,0.3125,-0.010529023384438821,0.012052208629159846,0.01638471975887714,0.010288637218022373,-0.0009731895512778733
Psychological horror,27.0,24.0,2.0,0.07407407407407407,8.0,0.07407407407407407,0.6296296296296297,0.2962962962962963,-0.00119102314839645,0.00201046658601495,0.00201046658601495,0.0011910231483964497,0.0015970792195379472
Psychological thriller,6816.0,6445.0,1110.0,0.16285211267605634,1916.0,0.16285211267605634,0.5560446009389671,0.2811032863849765,-0.0011038594460633375,0.0007507582218245548,0.013172014127699918,0.0006389738935739328,-0.00016523858784003875
Punk rock,133.0,89.0,11.0,0.08270676691729323,64.0,0.08270676691729323,0.43609022556390975,0.48120300751879697,-0.005389996543523464,0.0016353446170767067,0.005389996543523464,0.0016353446170767067,-0.00021798002715615688
Reboot,139.0,139.0,33.0,0.23741007194244604,35.0,0.23741007194244604,0.5107913669064749,0.2517985611510791,-0.002988321870216982,0.0019490347432827386,0.007463830454928806,0.0015286929498434798,-0.0012123825489716545
Religious Film,307.0,282.0,37.0,0.12052117263843648,96.0,0.12052117263843648,0.5667752442996743,0.3127035830618892,0.00039930407906744336,0.002068731736554618,0.007555336004063158,0.0016426923829078513,0.00023480340896001986
Remake,895.0,883.0,137.0,0.15307262569832403,274.0,0.15307262569832403,0.5407821229050279,0.30614525139664805,-0.0020047470049659745,0.001111578615277179,0.00806769777080406,0.0008868890509931641,-0.0007397858670180957
Revisionist Western,317.0,306.0,44.0,0.138801261829653,119.0,0.138801261829653,0.48580441640378547,0.3753943217665615,-0.004653420979425026,0.003345402013492361,0.014604023167946236,0.002595257585874256,0.00015390514561387734
Road movie,1764.0,1644.0,236.0,0.13378684807256236,591.0,0.13378684807256236,0.5311791383219955,0.33503401360544216,-0.001899651786420071,0.001373811626399634,0.0103809873443534,0.0012017239373947343,-0.0003383293153649463
Road-Horror,120.0,110.0,9.0,0.075,44.0,0.075,0.5583333333333333,0.36666666666666664,-0.0037568611438054,0.0026743804061606386,0.006591304625845222,0.0018670562872471787,0.000330661636073391
Roadshow theatrical release,304.0,299.0,30.0,0.09868421052631579,131.0,0.09868421052631579,0.47039473684210525,0.4309210526315789,0.0023072041988662323,0.0072268636568798336,0.024943948462852528,0.005563804879683813,9.727536355191055e-05
Rockumentary,198.0,32.0,7.0,0.03535353535353535,176.0,0.03535353535353535,0.07575757575757576,0.8888888888888888,-0.0063575866418619995,0.002449559088083269,0.0063575866418619995,0.002449559088083269,-0.0030729574776967735
Romance Film,41285.0,37858.0,5379.0,0.13028945137459125,14364.0,0.13028945137459125,0.5217875741794841,0.3479229744459247,-0.0016956805793729435,0.00034078818456108,0.012289703823956045,0.00029763574269895077,-0.00038484320015783204
Romantic comedy,14105.0,13404.0,2127.0,0.15079758950726693,3739.0,0.15079758950726693,0.5841191066997519,0.26508330379298123,-0.0021461678258669382,0.0005499066716028653,0.012316056971300669,0.0004829245814183551,-0.0005266395907128289
Romantic drama,14461.0,13467.0,1857.0,0.12841435585367542,5090.0,0.12841435585367542,0.5196044533573059,0.35198119078901874,-0.0016569505988686599,0.0004766958436355695,0.010876070612327978,0.00040618336486978625,-0.0002965935844110608
Romantic fantasy,457.0,440.0,76.0,0.16630196936542668,122.0,0.16630196936542668,0.5667396061269147,0.26695842450765866,-0.00237475912075997,0.0020083908545743315,0.009560751020605643,0.001700015912313595,-0.0007404124944159392
Satire,3149.0,2854.0,414.0,0.1314703080342966,1101.0,0.1314703080342966,0.5188948872657987,0.3496348046999047,-0.0016265237723287532,0.0010026940399252115,0.011038131342525936,0.0008466334277951295,-0.00033191878858106335
School story,103.0,103.0,18.0,0.17475728155339806,28.0,0.17475728155339806,0.5533980582524272,0.27184466019417475,-0.0021555200084326497,0.0033204780938617356,0.01091555860743295,0.002071254492207364,-0.0006974427877027189
Sci Fi Pictures original films,22.0,21.0,9.0,0.4090909090909091,3.0,0.4090909090909091,0.45454545454545453,0.13636363636363635,0.0027824106994251674,0.004969504023865405,0.010092976091001566,0.0035958553376154814,0.00013262308382778134
Sci-Fi Adventure,332.0,326.0,48.0,0.14457831325301204,115.0,0.14457831325301204,0.5090361445783133,0.3463855421686747,0.0003430953574430835,0.0034453319763440332,0.0121397696137225,0.002955875476853908,-0.0001675725858490129
Sci-Fi Horror,625.0,553.0,92.0,0.1472,227.0,0.1472,0.4896,0.3632,-0.003447891895453234,0.002672915840100332,0.015582730897804665,0.002146333580478935,-0.0004315637997609699
Sci-Fi Thriller,63.0,62.0,6.0,0.09523809523809523,23.0,0.09523809523809523,0.5396825396825397,0.36507936507936506,-0.007226797318487734,0.00420491936498987,0.0074414360165662,0.0041293671143211984,-0.00046852905716969197
Science Fiction,13396.0,12182.0,1647.0,0.12294714840250821,5243.0,0.12294714840250821,0.48566736339205735,0.39138548820543445,-0.0026044366073264963,0.0005082695980961357,0.011196545547708263,0.0004316213041886767,-0.0004445025806808886
Science fiction Western,31.0,30.0,6.0,0.1935483870967742,8.0,0.1935483870967742,0.5483870967741935,0.25806451612903225,0.002012899975621301,0.00761070980293243,0.012655063588134001,0.005167507143960232,-0.000353146508139363
Screwball comedy,1533.0,1464.0,207.0,0.1350293542074364,447.0,0.1350293542074364,0.5733855185909981,0.29158512720156554,-0.004636965768668243,0.0015742411531765946,0.011994924569838512,0.0013726519033218337,-0.0010066377539958552
Sex comedy,1724.0,1605.0,258.0,0.14965197215777262,447.0,0.14965197215777262,0.5910672853828306,0.25928074245939675,-0.0028325946029161427,0.0011841958564962392,0.010915395999413926,0.000984854011148923,-0.0006345328897274322
Sexploitation,230.0,139.0,22.0,0.09565217391304348,145.0,0.09565217391304348,0.27391304347826084,0.6304347826086957,0.005056443235517536,0.004911549346942739,0.013954868702162754,0.004008437021345375,0.0008398958305062892
Short Film,7498.0,3350.0,349.0,0.046545745532141906,5529.0,0.046545745532141906,0.2160576153640971,0.737396639103761,-0.00015018426926847623,0.0015724638106845692,0.015419537473732446,0.001337715486034356,6.0573452047213245e-05
Silent film,4279.0,1907.0,148.0,0.03458752044870297,3191.0,0.03458752044870297,0.2196774947417621,0.7457349848095349,0.005733911109486104,0.0028279050231978338,0.023360217326599313,0.0021233138418551107,0.001809206487013371
Slapstick,2644.0,2397.0,324.0,0.12254160363086233,941.0,0.12254160363086233,0.5215582450832073,0.3559001512859304,-0.0010152922085232175,0.0014535891597694036,0.012565425226185008,0.001275652609060298,-0.0002484951848774429
Slasher,3328.0,3003.0,542.0,0.16286057692307693,1003.0,0.16286057692307693,0.5357572115384616,0.30138221153846156,-0.0037807220348172583,0.001002087376859568,0.011902110749484945,0.000876784705158892,-0.00099180394097506
Slice of life story,625.0,575.0,105.0,0.168,185.0,0.168,0.536,0.296,-0.0009432694672232393,0.0014462673052126089,0.008501511507135594,0.0011854475285529487,-0.0004304982659703355
Social problem film,510.0,459.0,59.0,0.11568627450980393,173.0,0.11568627450980393,0.5450980392156862,0.3392156862745098,-0.00044454302814585375,0.002297501532271684,0.009325892452583284,0.0019448389674167155,0.0003318643734140568
Softcore Porn,131.0,93.0,14.0,0.10687022900763359,68.0,0.10687022900763359,0.37404580152671757,0.5190839694656488,0.0038240368736482643,0.005479396888757051,0.007276350416626791,0.0052034548882615,0.0008675014121247698
Space opera,67.0,67.0,6.0,0.08955223880597014,39.0,0.08955223880597014,0.3283582089552239,0.582089552238806,-0.0036630397330714493,0.004427903879026625,0.007680321693247416,0.003239203068156995,0.0009200589847576751
Space western,92.0,89.0,10.0,0.10869565217391304,51.0,0.10869565217391304,0.33695652173913043,0.5543478260869565,-0.008454416309593728,0.0052757535369894965,0.012583107133324811,0.004264123570946444,-0.002018328360789844
Spaghetti Western,330.0,239.0,33.0,0.1,191.0,0.1,0.3212121212121212,0.5787878787878787,0.008554861323981049,0.00864422582831828,0.01869438724058652,0.008129479579442683,0.002632561514891522
Splatter film,74.0,52.0,8.0,0.10810810810810811,39.0,0.10810810810810811,0.36486486486486486,0.527027027027027,-0.0005189871109725751,0.004121608338370518,0.00974061889228665,0.0018633026853666415,0.001486876078202844
Sports,5112.0,4657.0,649.0,0.12695618153364632,1648.0,0.12695618153364632,0.5506651017214398,0.3223787167449139,-0.0007112404765793823,0.0008276789726577703,0.010756462387344793,0.0007122369431206249,-0.0001702689853980558
Spy,2105.0,1905.0,243.0,0.1154394299287411,865.0,0.1154394299287411,0.47363420427553443,0.41092636579572445,-0.00021110922646721926,0.0016925190310537284,0.015406471662969469,0.0013725818710765675,7.630785647942453e-05
Stand-up comedy,106.0,35.0,2.0,0.018867924528301886,83.0,0.018867924528301886,0.19811320754716982,0.7830188679245284,-0.0006795427457511501,0.011042079022863749,0.01104207902286375,0.0006795427457511501,0.0003857518737465905
Star vehicle,20.0,20.0,3.0,0.15,9.0,0.15,0.4,0.45,0.008505226762073369,0.03331274601131907,0.0405931767245513,0.017944511407571744,0.0032568370276005744
Steampunk,256.0,248.0,22.0,0.0859375,111.0,0.0859375,0.48046875,0.43359375,0.0025645324949341913,0.004611915349391439,0.010176336228752855,0.0040806397424793745,0.0006135813189049076
Stoner film,462.0,455.0,74.0,0.16017316017316016,112.0,0.16017316017316016,0.5974025974025974,0.24242424242424243,0.0030282039968568906,0.003425805300166669,0.011083303181455631,0.0031904583187827382,0.00047018069383432826
Stop motion,539.0,444.0,44.0,0.08163265306122448,280.0,0.08163265306122448,0.39888682745825604,0.5194805194805194,-3.0362481113668438e-05,0.0035012033066950674,0.012660517583611764,0.002920753621975834,5.018954310799661e-05
Superhero,1003.0,983.0,141.0,0.14057826520438685,339.0,0.14057826520438685,0.5214356929212363,0.33798604187437686,-0.002811425735576163,0.0011643244459528502,0.008283515679088709,0.0009602034041323486,-0.0006258271154979042
Superhero movie,2092.0,2012.0,288.0,0.13766730401529637,771.0,0.13766730401529637,0.49378585086042065,0.368546845124283,-0.0021552366051184337,0.0008539395529669022,0.008170023185048052,0.0007161157035127415,-0.00046450708740597885
Supermarionation,34.0,32.0,4.0,0.11764705882352941,11.0,0.11764705882352941,0.5588235294117647,0.3235294117647059,0.021085389146419248,0.016065617789534872,0.023044500342510498,0.015142180207379055,0.003379095042683197
Supernatural,3218.0,3000.0,501.0,0.15568676196395276,958.0,0.15568676196395276,0.5466128029832193,0.29770043505282784,-0.0019510986467346962,0.0010700555149769026,0.013629888836356192,0.0008837899284378668,-0.00027733456805382914
Surrealism,390.0,283.0,30.0,0.07692307692307693,196.0,0.07692307692307693,0.4205128205128205,0.5025641025641026,-0.0007855661891161363,0.004610439873857567,0.01423087018233621,0.003780749639105041,-0.00040487566426368037
Suspense,4469.0,4320.0,753.0,0.16849407026180355,1266.0,0.16849407026180355,0.5482210785410606,0.2832848511971358,0.0012985045164666282,0.0010473227946016896,0.014716289112260106,0.0009006310552715242,0.00031614957219404936
Swashbuckler films,575.0,525.0,82.0,0.1426086956521739,255.0,0.1426086956521739,0.41391304347826086,0.4434782608695652,0.0003593992573654172,0.0021703838476438055,0.01268571585492258,0.0016508794170078868,0.0004568978287679045
Sword and Sandal,75.0,65.0,4.0,0.05333333333333334,42.0,0.05333333333333334,0.38666666666666666,0.56,0.001019949993295675,0.004039634341607102,0.0062981726056331256,0.0018555553221026701,-0.0002177279868532191
Sword and sorcery,201.0,179.0,14.0,0.06965174129353234,106.0,0.06965174129353234,0.40298507462686567,0.527363184079602,0.005433673211779741,0.004090184851156789,0.00947347631318553,0.003478096391729996,0.00043787746841495633
Sword and sorcery films,166.0,148.0,8.0,0.04819277108433735,108.0,0.04819277108433735,0.30120481927710846,0.6506024096385542,-0.003936189773035825,0.003322175279584363,0.005260174259057225,0.0030491707727950683,-0.00027723923351932983
Teen,6383.0,6187.0,1096.0,0.17170609431301895,1515.0,0.17170609431301895,0.5909446968510105,0.23734920883597055,-0.0016538867325670322,0.0006760428087421398,0.012072873294083462,0.0005713343905911894,-0.000476503631081461
Television movie,3647.0,3437.0,549.0,0.1505346860433233,997.0,0.1505346860433233,0.5760899369344666,0.27337537702221004,-0.002891948392297784,0.0009000233557371394,0.012340220007234089,0.0007398773991885122,-0.0006557132278689148
Therimin music,19.0,18.0,4.0,0.21052631578947367,8.0,0.21052631578947367,0.3684210526315789,0.42105263157894735,0.01229340186878115,0.017732760340719893,0.024001123273993948,0.013145673293243964,0.007570546788376309
Thriller,42946.0,40136.0,6046.0,0.14078144646765706,14386.0,0.14078144646765706,0.5242397429329856,0.33497881059935736,-0.001619379388849743,0.00027878176258745214,0.011833895564514113,0.00023449232405044706,-0.0003056352454803953
Time travel,732.0,710.0,105.0,0.14344262295081966,215.0,0.14344262295081966,0.5628415300546448,0.2937158469945355,0.0022957867873049415,0.0027983726750680856,0.014028097396545038,0.002447321223487279,0.000512871650386263
Tragedy,755.0,732.0,88.0,0.11655629139072848,256.0,0.11655629139072848,0.5443708609271524,0.3390728476821192,-0.0032519966648393798,0.001747073697335121,0.009778767884506314,0.0014403797663744226,-0.0011536826039856948
Tragicomedy,304.0,281.0,35.0,0.11513157894736842,91.0,0.11513157894736842,0.5855263157894737,0.2993421052631579,-0.0009194577177481887,0.002308020737702426,0.009043663093213491,0.0017164788772347664,-0.00036493838428910903
Travel,56.0,7.0,2.0,0.03571428571428571,51.0,0.03571428571428571,0.05357142857142857,0.9107142857142857,-0.0028712712412835,0.0059374010009446004,0.0059374010009446004,0.0028712712412835,-0.001788571468662694
Vampire movies,75.0,75.0,23.0,0.30666666666666664,14.0,0.30666666666666664,0.5066666666666667,0.18666666666666668,-0.003979892061713991,0.0024875263896266663,0.009599657098000524,0.001648931476106186,-0.0021492596425310238
War film,8687.0,7340.0,891.0,0.10256705421894785,4044.0,0.10256705421894785,0.43190975020145045,0.4655231955796017,-0.0007847120581708004,0.0008737022248466531,0.013873932451401741,0.0007401155660617558,-6.483825786374727e-05
Werewolf fiction,16.0,14.0,2.0,0.125,7.0,0.125,0.4375,0.4375,-0.0008422555704323,0.0003264516241421,0.0008422555704323,0.0003264516241421,-0.004592685768054911
Western,6028.0,4999.0,673.0,0.11164565361645654,2712.0,0.11164565361645654,0.4384538818845388,0.44990046449900467,0.00037938384108075556,0.0012842065278307097,0.017765205986557623,0.0010861647887482517,0.0004255734023983119
Whodunit,390.0,360.0,58.0,0.14871794871794872,116.0,0.14871794871794872,0.5538461538461539,0.29743589743589743,0.002173548530528412,0.005521411503462663,0.02138058572300705,0.004748584298389955,0.00043768954485585054
Women in prison films,62.0,52.0,8.0,0.12903225806451613,26.0,0.12903225806451613,0.45161290322580644,0.41935483870967744,-0.015900403882298214,0.009429525530331868,0.01850763870762736,0.008723546257755508,-0.003644857029967843
Workplace Comedy,677.0,654.0,104.0,0.1536189069423929,155.0,0.1536189069423929,0.6174298375184638,0.22895125553914328,-0.0027304577653272165,0.0011305670244781158,0.007709923115128459,0.0008794592902001076,-0.0005533456457003594
World cinema,19067.0,15344.0,1290.0,0.06765615985734515,10538.0,0.06765615985734515,0.3796611947343578,0.552682645408297,-0.0005825357429177899,0.0004990706537665807,0.0088149180221709,0.0004348026438945873,8.025177875085035e-05
Wuxia,215.0,134.0,7.0,0.03255813953488372,174.0,0.03255813953488372,0.15813953488372093,0.8093023255813954,-0.002251280144406457,0.0008040038249128967,0.002251280144406457,0.0008040038249128967,-0.00032746329883742264
Zombie Film,843.0,679.0,97.0,0.11506524317912219,333.0,0.11506524317912219,0.48991696322657174,0.39501779359430605,-0.004039005707276261,0.0014529569183304796,0.009338159956536283,0.0011716102752368533,-0.0006009704759597765
